序号,日期,部门,人员,事项,状态,备注
1,2026-01-29,物流部,赵六,汇报,待处理,备注信息674
2,2026-01-15,总经理办公室,黄欢,审批,待处理,备注信息462
3,2026-01-28,销售部,陈芳,会议,进行中,备注信息219
4,2026-02-04,物流部,张丽,检查,进行中,备注信息140
5,2026-02-03,总经理办公室,赵六,汇报,进行中,备注信息361
6,2026-01-25,生产部,吴九,审批,已批准,备注信息147
7,2026-02-01,销售部,张丽,维护,已批准,备注信息700
8,2026-02-08,销售部,孙七,会议,进行中,备注信息777
9,2026-01-20,人力资源部,刘涛,汇报,完成,备注信息855
10,2026-01-12,财务部,刘涛,会议,已批准,备注信息951
11,2026-02-05,生产部,李明,审批,进行中,备注信息742
12,2026-02-10,质控部,吴九,审批,待处理,备注信息288
13,2026-02-02,人力资源部,李四,检查,待处理,备注信息470
14,2026-02-09,生产部,吴九,检查,完成,备注信息587
15,2026-01-24,质控部,赵六,汇报,完成,备注信息315
16,2026-01-25,质控部,郑十,审批,完成,备注信息192
17,2026-01-15,人力资源部,李四,审批,完成,备注信息947
18,2026-01-17,人力资源部,李明,检查,进行中,备注信息846
19,2026-01-13,质控部,吴九,会议,进行中,备注信息845
20,2026-01-13,总经理办公室,郑十,检查,已批准,备注信息291
